图片名称,用户名,颜色1,颜色2,颜色3,颜色4
0321,Betta_Fish,#C3C3C3,#66645E,#B1B0AB,#F3F2ED
100 Greatest 10s： The Best Songs of Last Decade,Betta_Fish,#E9CC88,#D59C48,#E5C47F,#F6ECE1
101 80s Anthems,Betta_Fish,#43212C,#021C25,#1F2F19,#010101
17さいのうた。,Betta_Fish,#5E738E,#AEB9C5,#F5F6F2,#FCFDF8
18dB,Betta_Fish,#CBBAFE,#78E2FC,#76D8FD,#84F9F3
19才,Betta_Fish,#A2A0C7,#AD6593,#D4D8C9,#868ED7
2017年中央电视台元宵晚会,Betta_Fish,#FF8AA3,#FEFBF4,#FFD7DA,#FEFAF2
25時、ナイトコードで。 SEKAI ALBUM vol.1,Betta_Fish,#DDE6F5,#8C9DA6,#C3CDD5,#FBFDFD
2ND GALAXY,Betta_Fish,#553E39,#866E68,#B9A399,#533B39
30,Betta_Fish,#234046,#254047,#1B2E32,#2D5B6A
6am,Betta_Fish,#DBA7BD,#C8DBFB,#A48FBA,#CCDFFD
8BIT MUSIC POWER FINAL- RIKI collection -,Betta_Fish,#037DBE,#D45138,#54A2C7,#3AB0BA
9を眺めた魚達,Betta_Fish,#293237,#363F46,#6A737A,#2C2F34
A BALLADS 2,Betta_Fish,#43383C,#665A66,#3A3031,#565260
A Cup Of Coffee,Betta_Fish,#1A2012,#5E5218,#E47826,#5E5514
A Little More,Betta_Fish,#3C74BE,#4C7BBA,#86AED1,#C0D3E4
A Little Story,Betta_Fish,#635F6F,#090909,#040404,#16110E
A Moment Apart (Deluxe Edition),raspberry_kan,#946B59,#5D7168,#286171,#9E624A
A.I. 爱,Betta_Fish,#0F1243,#57729D,#161D61,#2D315E
AIZO,Betta_Fish,#020202,#151515,#CE0A0E,#010101
AM I THE DRAMA？,Betta_Fish,#9EBFD2,#7CA1BC,#B1CFDA,#476A7D
ANIME KIDS,Betta_Fish,#90DCCC,#88CCBD,#88CABC,#FFFFFF
APT.,raspberry_kan,#D97F96,#C14760,#F65C82,#F490A2
ASCENSION,raspberry_kan,#144B52,#1A342B,#425B62,#001C1E
ATOLS／MIKU,Betta_Fish,#4B0000,#031675,#C3110C,#318AE6
ATOLS／MIKU DET EP,Betta_Fish,#442500,#914705,#914102,#A04D00
AWARD STROBE HELLO,Betta_Fish,#F2EFDC,#DFDCCA,#E5DCB3,#F2EFDC
Abracadabra,Betta_Fish,#1D1D1C,#796557,#1D1D1B,#66432F
Absolute Summer Hits 2013,Betta_Fish,#4B87C6,#6887A6,#147D5C,#2784C7
After Tone II,raspberry_kan,#DBC2AE,#B64847,#C66142,#E0E6E2
Alice in 冷凍庫,Betta_Fish,#1DADD8,#5BBEE3,#9DC7DD,#F5F6F7
All About Us,Betta_Fish,#A9BFCA,#81A3AD,#B3CBD5,#ABB9BA
Ambitious,Betta_Fish,#0B0E12,#645247,#08080A,#9D663F
Amplify,Betta_Fish,#020304,#2E2134,#553361,#29617E
"Angelic Angel ／ Hello, 星を数えて",Betta_Fish,#4F374C,#233B57,#473B53,#2A2647
Anime Slayer,Betta_Fish,#FFFFFF,#B08DCE,#FAB7D4,#FFFFFF
Animenz Audios Full Version,Betta_Fish,#040001,#220203,#020001,#4D1D1D
Artificial Paradise (Super Deluxe),Betta_Fish,#FFEFDB,#7CAAA8,#D7A386,#F9E9D5
Atmosphere,Betta_Fish,#04090D,#22345C,#000C2D,#0A0F13
Atomboys,Betta_Fish,#0A0A0A,#282B2B,#777878,#070707
Aurora,Betta_Fish,#021D3B,#1A627C,#619CB6,#00204D
Awaken the power,Betta_Fish,#252D5C,#99455A,#565090,#1D2347
A／Z｜aLIEz,raspberry_kan,#2C71B2,#0E2941,#3B3E51,#0E1213
BEST ALBUM,Betta_Fish,#BCE5CF,#D99F4E,#C6D36B,#E9FFED
BIGGER,Betta_Fish,#703421,#BA7A51,#74120F,#993831
BLUE BACK,Betta_Fish,#030106,#040C76,#C91B3B,#000B7B
BOOM,Betta_Fish,#0C070B,#233544,#63322F,#05060A
BOW AND ARROW,kengwang,#111B50,#001094,#06168F,#1E54DA
Battlecry,Betta_Fish,#0A0D1C,#353E4E,#5C4039,#060815
Bauklötze,Betta_Fish,#D0D0D0,#FDFDFD,#F4C5CD,#FDFDFD
Be Alright,Betta_Fish,#A553F8,#CC9FFF,#F4EBFE,#F4EAFD
Believe in my existence,Betta_Fish,#361523,#9F212F,#131A2A,#583A76
Best wishes,kengwang,#2E3A52,#2E3A48,#564B3B,#222A3D
Between Us,Betta_Fish,#171D2F,#1B2950,#182671,#1D2643
Blonde,Betta_Fish,#5F7654,#606068,#433635,#B0B6C0
Bloom,Betta_Fish,#0E0E0E,#060606,#131313,#191919
Blue whale (蓝鲸),Betta_Fish,#3777A5,#142036,#3F628A,#426F99
Bluish Light,Betta_Fish,#6E6CC0,#F8CEB8,#FAD6B2,#FCDFB7
Boost!,Betta_Fish,#3F0021,#A20459,#A4005B,#6E003D
Butterfly Wing ／ エーデルシュタイン,Betta_Fish,#1A354A,#3C7994,#2C5F7A,#A672A8
Butterfly ／ Solitude Rain ／ VIVID WORLD【桜坂しずく盤】,raspberry_kan,#009DDC,#00415B,#019DAC,#014C74
COLORS,raspberry_kan,#00C142,#B9C012,#713AC1,#0372B7
COME ALONG 3,Betta_Fish,#1E5B5E,#126249,#0E6399,#509DCB
COWBOY CARTER,Betta_Fish,#040302,#131212,#1F1712,#1E0F11
"Can now, Can now",Betta_Fish,#F4B4CF,#FFE562,#F4ADCA,#FFFFFF
Carnivore,Betta_Fish,#080604,#19180F,#878987,#655B52
Carry on,Betta_Fish,#0D2182,#2769B3,#AD48BE,#102D57
Catch Me If You Can,Betta_Fish,#1E2A37,#050915,#2D8C8C,#67758F
Celestial,raspberry_kan,#16B3B3,#178080,#189999,#1FDADA
Chapter III：刺猬,kengwang,#030200,#16120F,#693612,#010300
Choir ‘S’ Choir,Betta_Fish,#1C1B1E,#442C4C,#43485C,#463E53
ClariS 10th Anniversary BEST - Green Star -,Betta_Fish,#C7E4D2,#D8ECE0,#D3EADD,#ECFFF4
Closer,Betta_Fish,#BE9484,#D7D7CD,#D7D7CB,#D7D6CB
Collage,Betta_Fish,#E17F8E,#F7BFDA,#9EBABE,#D7FAFF
Colorful Story,Betta_Fish,#DECE47,#00753A,#00A8CC,#0777C1
Cupid – Twin Ver. (feat. Sabrina Carpenter),Betta_Fish,#79DDA7,#A5DFC9,#A2DDD9,#A1D0E4
C、Dですと!？,Betta_Fish,#E30083,#0893BE,#C6B810,#00A300
DADDY! DADDY! DO! feat. 鈴木愛理,Betta_Fish,#9A373C,#944148,#933942,#C35F61
DANCING DARING,Betta_Fish,#105585,#926690,#1E2D88,#24398A
DAY×DAY (Cover),Betta_Fish,#270E0E,#A1263A,#B93751,#9D2040
DEAREST DROP,Betta_Fish,#0E4C6B,#3696D1,#2F6286,#35A2DD
DEVILMAN crybaby Original Soundtrack,kengwang,#000000,#630100,#BD2402,#A51A03
DIGIMON HISTORY 1999-2006 All The Best,Betta_Fish,#A75D8E,#947A8D,#C1A9B3,#F2E4E4
Daisy Crown,raspberry_kan,#EAB076,#7E9BFD,#E57283,#FADDBB
Dawn FM,Betta_Fish,#010101,#071923,#1F4452,#09131C
Daydream Forever,Betta_Fish,#1B2D3B,#1B2B3A,#7A6051,#243638
Deep down,Betta_Fish,#FFFFFF,#9A9A98,#C9CACB,#F9FAFB
Delights,Betta_Fish,#A19AA1,#ACA5AD,#C9C2D2,#8E858A
Desir,Betta_Fish,#093B3F,#326A6D,#17524E,#184F4A
Desktop Magicians,Betta_Fish,#105590,#013766,#03A8BB,#7B1E4B
Die Ultimative Chartshow (Die Erfolgreichsten One-Hit-Wonder),Betta_Fish,#ECA10A,#EFC533,#F3D263,#E88913
Dish of the Day,Betta_Fish,#5370AC,#6676B1,#AA5C6C,#5F74AD
Don't say ＂lazy＂,Betta_Fish,#080808,#A53147,#030303,#3C4483
Dragon Night,Betta_Fish,#07070D,#646C47,#664115,#966D2F
Dream It Possible,Betta_Fish,#661210,#811314,#38464F,#270C11
Dream Voyage,Betta_Fish,#7FAED5,#B0D0E0,#FDF5E8,#E6ECEC
Drive Your Heart (TV Size),kengwang,#020D43,#061A5F,#2C53A0,#456CB1
D／N／A,Betta_Fish,#320D24,#52284A,#621E4F,#2D0216
ENTERTAINMENT,Betta_Fish,#120E0C,#506352,#110D0A,#100E0F
ERA,Betta_Fish,#010103,#13223D,#09514E,#B812B8
ETERNAL FLAME 〜空の箱,Betta_Fish,#4C7FC0,#6C94C6,#B2B0BC,#DCE0E7
EVILS FOREST,Betta_Fish,#2C5EA4,#1F366C,#233567,#0D1114
EXIT TUNES ACADEMY BEST 4,Betta_Fish,#2DA9CF,#31AAD5,#287CA1,#229EC4
EXIT TUNES PRESENTS GUMing from Megpoid,Betta_Fish,#8BBB05,#AFCD12,#EF7F00,#EEF665
EXIT TUNES PRESENTS Megurinemotion feat. 巡音ルカ ― 10th ANNIVERSARY BEST ―,Betta_Fish,#FFF5F9,#9B6F86,#F867A8,#F7F3F4
EXIT TUNES PRESENTS THE BEST OF GUMI from Megpoid,Betta_Fish,#8CC80A,#A2DD2F,#B3E533,#FEF339
EXIT TUNES PRESENTS 私とボカロのある日常,Betta_Fish,#F1DEDA,#F6ECE0,#D0D0D2,#FCFBFC
Eclipse,Betta_Fish,#15110E,#171510,#43291A,#181510
Ender Ember,Betta_Fish,#010101,#390803,#521008,#1D0503
Equilibrium,Betta_Fish,#786DB1,#F0C4D1,#DDC2CD,#E4ECEE
Error,raspberry_kan,#45688E,#F0E6E4,#ADB3D3,#F7F7F7
Everlasting【期間生産限定盤】,Betta_Fish,#61245D,#7E3147,#DC3D60,#4A1622
FAKEit,kengwang,#146B89,#185164,#579FA7,#DCE7E7
FAREWELL MORNING LIGHT,Betta_Fish,#D17391,#FFFFFF,#FFFFFF,#6ABBD3
Fairy Castle(Deluxe Edition）,Betta_Fish,#694078,#A16590,#E96DA9,#7568AE
Far far away,Betta_Fish,#BAD8E2,#DBF0F5,#A8C5D5,#FAFBF4
Fate／stay night [Unlimited Blade Works] オリジナルサウンドトラック II,Betta_Fish,#522F33,#936C47,#3C1920,#7C0700
Fiction,Betta_Fish,#391D10,#1C5A7C,#B8551E,#982C32
"Fly, My Wings",Betta_Fish,#3E4D6E,#3F4E6D,#606277,#4E526F
Fooocus,Betta_Fish,#26192B,#6E7F86,#351A29,#171836
GIRI GIRI,Betta_Fish,#04396B,#36846A,#93151F,#411A35
GUTS (spilled),Betta_Fish,#1F161E,#513E63,#95725E,#20182D
Gesungene Marschlieder,Betta_Fish,#6FA73C,#8DC951,#9CD357,#DAE3CE
Git Fresh,Betta_Fish,#0F0F10,#5F5E5C,#21211F,#040404
Glossy： MMM,Betta_Fish,#294598,#3A7BBD,#7FA5C9,#5B90C6
HALF,Betta_Fish,#8FAAC8,#97B0CE,#87A1BE,#D9C0B9
HONEY (Cover),Betta_Fish,#131579,#3B42EB,#5655F8,#BE79D2
HUNTER×HUNTER ― オリジナル・サウンドトラック Vol.1,Betta_Fish,#F4E3CF,#FBE5D7,#E4BFA4,#E0BDA1
Henceforth (feat. IA),Betta_Fish,#408BDE,#5A9CDD,#98C1E8,#D8E9F6
Here,Betta_Fish,#1F131D,#39323C,#1F151E,#6A6C78
Higher,Betta_Fish,#417E7E,#849D9C,#C4C4B3,#DFCDB5
HoYoFair2023 原神同人特别节目,Betta_Fish,#383E51,#192E65,#9CB1DA,#152233
"Hopes, Dreams, Wings",Betta_Fish,#C8C0CB,#CBC2D2,#E9DADF,#F9F5F7
Hurray Hurray,Betta_Fish,#28295F,#2258A2,#094299,#1F208A
Hurray!!,Betta_Fish,#845132,#C8935F,#C89C71,#DAB88A
I I I,Betta_Fish,#ABABFA,#AF9FF7,#ADC6E7,#F8F2FE
I am...,Betta_Fish,#FFFFFF,#7EA8D0,#83A9D0,#D4E4F3
I'm BACK,Betta_Fish,#871941,#721534,#470722,#14131B
INVERSE,Betta_Fish,#070707,#2B2E2E,#595959,#4B9B9E
Initial D Best Song Collection 1998-2004,kengwang,#750A0B,#C60407,#D10508,#7B0909
JJ陆,Betta_Fish,#1D1B22,#363F3B,#212725,#676E63
JUMP！BEAT！PLAY！,Betta_Fish,#283653,#812635,#41425E,#4661A8
JUVENILE,Betta_Fish,#D5E1EF,#BFE2F5,#DCDFF0,#F1F7FC
Just Believe!!!,Betta_Fish,#DF1C84,#972C58,#EB7B4B,#ED7E39
Justice (中国豪华特别版),Betta_Fish,#081E20,#87A004,#13242B,#148253
J世纪Jeneration大牌新曲+精选盘2006-2009,kengwang,#07051B,#1F1A54,#172144,#2A2D72
KAF+YOU KAFU COMPILATION ALBUM シンメトリー,Betta_Fish,#DBC48C,#E8CF94,#FDECDC,#FEFEFD
KAGAYAKI Don't forget!,Betta_Fish,#CAEFF8,#F30487,#8AD4EB,#3EADDE
KISS OF DEATH（Produced by HYDE）,Betta_Fish,#000000,#5A4238,#060606,#1A1A1C
KNOW KNOW KNOW,Betta_Fish,#FED8CF,#F5B7B8,#E4DEDE,#F8F7F5
K歌之王 AIR,Betta_Fish,#122221,#1A2320,#000000,#924A24
Last Desire,Betta_Fish,#3797C1,#3F6B92,#33599A,#0C2C5F
Leave This Place,Betta_Fish,#12244C,#11366A,#FF5792,#1C4F86
Lefty Hand Covers,Betta_Fish,#F5E7E7,#FEFEFE,#D5BFC2,#EFE5E6
Light Mellow 松原みき,Betta_Fish,#EE9477,#E45D9A,#F3B1CD,#F6D9DB
Linger in the Rain,Betta_Fish,#16234A,#143C77,#0D101F,#121933
Lioness’ Pride,Betta_Fish,#399ACD,#52ABD5,#9DC9E2,#DEE0EC
Lipstick／一番星,Betta_Fish,#B67978,#DDC2A4,#D2BFB3,#EFEBE9
Listen to Smile!,Betta_Fish,#895869,#ADA3C8,#EABE63,#E8EFE7
Lost,raspberry_kan,#FF9DBC,#FFDCE8,#D65269,#FEE3D8
Love Live! Sunshine!! Third Solo Concert Album ～THE STORY OF “OVER THE RAINBOW”～ starring Ohara Mari,Betta_Fish,#281E55,#5E388D,#AF46D6,#A62FD6
Love marginal,Betta_Fish,#F7CDDB,#BD075E,#F8C1D4,#FFECE5
LoveLive! Sunshine!! Second Solo Concert Album ～THE STORY OF FEATHER～ starring Kurosawa Ruby,Betta_Fish,#F8949C,#FCE7F0,#F2CDDA,#FBF7FA
LoveLive! Sunshine!! Second Solo Concert Album ～THE STORY OF FEATHER～ starring Watanabe You,Betta_Fish,#70C7BF,#A2D9DE,#92D6E7,#F2F6F7
Lunar Calendar,Betta_Fish,#ADADAD,#C8C8C8,#E3E3E3,#FEFEFE
MANGOTALE,Betta_Fish,#7EEFB1,#FEE0AC,#FFCFE5,#68EEF7
MIRACLE NEW STORY,Betta_Fish,#DCC0FD,#FAC6F7,#A7DCFE,#F4E8E5
MIRAI,Betta_Fish,#FEF1F8,#B6B5D5,#EEC7CA,#F5ECE7
MUSEUMでどうしたい？,raspberry_kan,#F2EBDB,#D28E45,#80BCD4,#FBF9FA
MY舞☆TONIGHT ／ MIRACLE WAVE,Betta_Fish,#3C2A2F,#DE4815,#D42214,#382016
Magia,Betta_Fish,#0C0704,#0D0C0A,#6A1C2C,#0D0805
Mariage -tribute to Fate-,Betta_Fish,#062730,#193F40,#54674B,#8B7953
Midnights (3am Edition),Betta_Fish,#5C667F,#000A1A,#724242,#422332
Million Days,Betta_Fish,#D6D2C6,#B6819D,#DAD3C9,#ECE5DC
Monody,Betta_Fish,#251B26,#2B2B33,#507375,#51727B
Monstrosity,Betta_Fish,#140E0F,#521616,#6B0C0A,#63070C
Mood (Live),Betta_Fish,#270C48,#90317E,#692964,#160635
Mysterious Magic,Betta_Fish,#1D0F0A,#A56B4B,#906A3D,#523314
NARUTO-ナルト- 疾風伝 オリジナル・サウンドトラック,Betta_Fish,#000000,#57511F,#191A1F,#000000
NEW ROMANCER2,Betta_Fish,#17141F,#640910,#124B47,#232879
Na Na Na,Betta_Fish,#A73C56,#A73982,#B88169,#C573A3
Nao'ymt wit'-1st Season-,Betta_Fish,#0F0B05,#855210,#7C2320,#A65329
Naoko PREMIUM CD BOX 25 discs + photobooks,raspberry_kan,#72BDDD,#F3DBE9,#94ACC6,#FFFFFF
New Year's March！ ／ ラジオ体操第一（虹ヶ咲学園スクールアイドル同好会 Ver.）,Betta_Fish,#FDFEF0,#EBE4B6,#F5D896,#DCD295
New me,Betta_Fish,#F61B91,#FFA3DC,#FBE1FF,#FBE7FB
No brand girls ／ START：DASH!!,Betta_Fish,#513947,#5F68A0,#7F4488,#994F9C
No title-,Betta_Fish,#1F1F38,#801849,#086A7E,#2F313E
Number Compilation Album,Betta_Fish,#2ED7DA,#E17244,#2CD8DA,#0C7F7C
OFFICIAL ORANGE,kengwang,#DFD190,#DEA55E,#DFD695,#EDEADD
Oi,Betta_Fish,#3B1C1E,#FD041C,#FB3241,#F8F8F8
Operation Able,Betta_Fish,#A3A8A4,#55606B,#959AA0,#F9FAF8
Oracle,Betta_Fish,#040406,#3F2C6D,#291054,#040207
Out Of Control,Betta_Fish,#0C0D10,#333746,#01244A,#0E1A30
OveR,Betta_Fish,#0D0707,#56769F,#0B0505,#0B0505
POPSONG,Betta_Fish,#44445F,#8E5559,#E692B3,#CBB468
PROVANT,Betta_Fish,#8E8E8E,#A0A0A0,#CECECE,#FBFBFB
Paper Bouquet,Betta_Fish,#0E1A42,#304E93,#7589B9,#2C438F
Parfaitone,Betta_Fish,#0B2C2A,#0C302E,#0C2E2D,#0E5855
Period,Betta_Fish,#001D75,#001D4A,#117CB4,#032473
Philosophyz／ささやかなはじまり (アニメ「Rewrite」OP＆ED),Betta_Fish,#F2F8EC,#F2F8EE,#F7C9A5,#FFFFFF
Please Don't Go,Betta_Fish,#24272B,#434A5A,#757A90,#59686F
Project DIVA-F Complete Collection,Betta_Fish,#2A477F,#45456B,#81C8CC,#273447
RAiSe! The story of my music,raspberry_kan,#979CCC,#F3F4F8,#B2DDE1,#E96739
RISE,Betta_Fish,#170C08,#734C23,#453827,#271F0A
ReFraction -BEST OF PeperonP-,Betta_Fish,#7E9794,#D7CDCC,#EAE3EA,#F5F3F2
RePAINT,Betta_Fish,#202E37,#1F3528,#1B2831,#653A43
Remember,Betta_Fish,#B7AAC6,#777C9D,#E7B2AC,#8694B7
Remember Our Summer,Betta_Fish,#261913,#C6520E,#F09B1B,#ECD4B3
Reminding Me,Betta_Fish,#545351,#4B4A47,#94918F,#353533
Resolution,Betta_Fish,#24284D,#730508,#B33648,#0D163F
Re：放課後,Betta_Fish,#1D0404,#6A1817,#791F16,#130303
Rightfully,Betta_Fish,#131413,#373935,#31312F,#1D2120
Rolling in the Deep,Betta_Fish,#010101,#323336,#3A3B3C,#1E1E1E
Romantic summer,Betta_Fish,#E7E7E9,#FFFFFF,#F5A4A7,#F4EBEA
Running,Betta_Fish,#76AFCD,#96C6DD,#B3C4D4,#8FB3CD
R・E・P,Betta_Fish,#A59CC9,#A3ADC4,#CDD6E0,#FBFBF3
S-mode #2,Betta_Fish,#AFB2B7,#AAAEB1,#939391,#D7DBE1
SAVAGE,Betta_Fish,#13F1D8,#03C89D,#00C8A3,#0385E3
SCOPE,Betta_Fish,#010B0A,#223331,#041C1E,#5A6869
SUMMER VACATION,Betta_Fish,#346EB7,#4897C0,#ACE2E4,#B4DEDA
SURF&SNOW,Betta_Fish,#A7534B,#BB837A,#DDB3A2,#FBF4EE
SWEET HURT (期間生産限定盤),Betta_Fish,#948564,#BDAF93,#C1B3A3,#D3C6B3
SWITCH,Betta_Fish,#1C1312,#462A27,#6B322D,#A1503C
Sacred Factor,Betta_Fish,#1B1B2D,#534768,#1D2228,#2F0422
Second Sparkle,Betta_Fish,#3F414E,#6A6772,#4A4D5C,#B9B9B9
Serment,Betta_Fish,#180F08,#49301B,#2B1B0E,#55371B
Seven Deadly Sins,Betta_Fish,#008926,#012C3C,#043546,#001F1A
Seven Doors,Betta_Fish,#121518,#5A6670,#99A4AE,#E9EFF4
Seyana.,kengwang,#FFFFFF,#FFC8C3,#FFFFFF,#FFFFFF
Shadow Shadow,Betta_Fish,#0C041B,#9B1D64,#263DC7,#9D8EE1
Shadow Shape,Betta_Fish,#332B34,#846168,#202539,#514657
Shangri-La,Betta_Fish,#4C3C57,#7B6A9C,#7981C0,#6A60A7
Shine a Light,Betta_Fish,#757575,#BBBBBB,#E5E5E5,#FAFAFA
Shogeki (Shock) - Orchestral Version [from ＂Attack on Titan Season 4＂] (Cover),Betta_Fish,#0B0B0D,#36343B,#454249,#67617B
Singer,Betta_Fish,#C4CBDB,#9AA5BF,#B2D2D3,#E9E8E5
Sing！Shine！Smile！ ／ 未来の音が聴こえる【第12話盤】,Betta_Fish,#33346D,#1B3B64,#564A62,#1D2C71
Sparkling Daydream,Betta_Fish,#C7DCD5,#B0CECC,#9FB1BF,#86ACC3
Sparkly Spot,Betta_Fish,#C68DBA,#EE575E,#DD9886,#F9ECDF
Speak Now (Deluxe Edition),Betta_Fish,#FFFFFF,#E34843,#E3AB94,#FDF9F7
Speak Now (Taylor's Version),Betta_Fish,#0C0606,#2C1619,#5E2761,#000000
Speed of Light,Betta_Fish,#1E222F,#514E5D,#394F66,#5B404F
Stand By You,Betta_Fish,#110F12,#254055,#0973A5,#323481
Star Crossing Night (feat. GALI),Betta_Fish,#0D0B18,#3E5368,#3D6F86,#0B0A12
Starboy,Betta_Fish,#130712,#CF0745,#103B80,#09349C
Stardust,Betta_Fish,#B32E4B,#F29200,#732417,#622417
Starry Sky,Betta_Fish,#133C64,#0F3864,#69A0C5,#71A6C5
Steppin' out,Betta_Fish,#2A447E,#1B60A5,#678B45,#26376D
Stories,Betta_Fish,#383839,#294C99,#393939,#AD058E
Story of Hope,Betta_Fish,#17205B,#1B77A0,#7E121F,#1C091C
"Stranger Things： Soundtrack from the Netflix Series, Season 4",Betta_Fish,#430603,#40130D,#1D4F70,#173D54
Summer Pockets REFLECTION BLUE Arrange Album 'Edain',Betta_Fish,#05308C,#1079CB,#041974,#0678D0
Summer Pockets REFLECTION BLUE 『アスタロア』,Betta_Fish,#0598F8,#63D2ED,#51B8E7,#63D1E8
Summer Trap!!,Betta_Fish,#12B6D9,#0D48A2,#166E94,#0184CA
Sweet Ices Cream,Betta_Fish,#DF467F,#FFFFE7,#FDFAC7,#FCF7EA
Symbol IV ： Earth,kengwang,#70AA4E,#71B927,#517F33,#6BA732
Synchrogazer,kengwang,#E2E9F9,#F8FDFF,#F0F4F7,#DEEDFA
THE MUSEUM,Betta_Fish,#C0DDE3,#6A849B,#D4D7D7,#F0F0F0
TITLE IDOL,Betta_Fish,#FCD7FF,#EFB1F0,#FAE4F9,#C5D4F5
TOP -Japanese ver.-,kengwang,#17264E,#3F4D71,#23345F,#121F49
TV Animation BLEACH Original Soundtrack 1,Betta_Fish,#F57D3C,#F6D4B9,#FBEDE9,#FAF7F5
TVアニメ 世界一初恋・世界一初恋2 オリジナルサウンドトラック,Betta_Fish,#8DC852,#E1F0D1,#FBFCF7,#F8F9F1
TVアニメ「あんハピ♪」キャラクターソングシリーズ2,Betta_Fish,#EDDEE3,#FFFFFF,#D6B3B1,#F8F6F5
TVアニメ「うちのメイドがウザすぎる！」エンディングテーマ「ときめき☆くらいまっくす」 歌：鴨居つばめ（CV：沼倉愛美）＆高梨ミーシャ（CV：白石晴香）,Betta_Fish,#FFFB4A,#F6AD3A,#FF9F28,#FFF441
TVアニメ「うちのメイドがウザすぎる！」オープニングテーマ「ウザウザ☆わおーっす！」 歌：高梨ミーシャ（CV：白石晴香）＆鴨居つばめ（CV：沼倉愛美）,Betta_Fish,#F29EC2,#E6A1BE,#FFFFFF,#EAA4C8
TVアニメ「オーバーロードIV」エンディングテーマ「No Man's Dawn」 歌：前島麻由,Betta_Fish,#D6BAB7,#7279A5,#C6B0BC,#CAAFAF
TVアニメ「オーバーロードⅡ」エンディングテーマ「HYDRA」【通常盤】 歌：MYTH ＆ ROID,raspberry_kan,#D0E3F1,#C0D2E8,#DEE8F1,#CCD8E4
TVアニメ「オーバーロードⅡ」オープニングテーマ「GO CRY GO」【通常盤】 歌：OxT,Betta_Fish,#090407,#311B25,#4A3475,#4E2023
TVアニメ「オーバーロード」オープニングテーマ「Clattanoia（クラタノイア）」 歌：OxT（オクト）（オーイシマサヨシ × Tom-H@ck）,Betta_Fish,#070607,#076079,#127964,#241638
TVアニメ「ハイスクールD×D NEW 月光校庭のエクスカリバー」OPテーマ -「Sympathy」,Betta_Fish,#FBEBDB,#AF433B,#B1885C,#FBE4D2
TVアニメ「僕等がいた」Vocal Album 永遠,Betta_Fish,#F2DFE2,#F4EAEB,#FBF4F5,#FDFCFC
TVアニメ「冴えない彼女の育てかた♭」ギャルゲーカバーソング&ミニサウンドトラック Vol.3,raspberry_kan,#F1EFF4,#FDD6C7,#F1B4BB,#AD9DC1
TVアニメ『ウマ娘 プリティーダービー』ANIMATION DERBY Season 2 vol.2「木漏れ日のエール」,Betta_Fish,#5DA015,#CFE636,#73BE30,#EBECDA
TVアニメ『シュタインズ・ゲート』OPテーママキシシングル「Hacking to the Gate」,Betta_Fish,#EAE0C5,#F1E7CE,#FFFAF6,#F3F0EB
TVアニメ『ラブライブ！』オリジナルサウンドトラック「Notes of School idol days」,Betta_Fish,#F3DCCE,#44B6AC,#8FD3DE,#6E8FC5
TVアニメ『ワンパンマン』オリジナルサウンドトラック「ONE TAKE MAN」,Betta_Fish,#211E1D,#31788D,#045043,#7C2F1F
Take It Over,Betta_Fish,#22346A,#2C62D1,#463B5D,#453E5F
Taylor Swift Karaoke： 1989 (Deluxe Edition),Betta_Fish,#D4A07E,#7A6F79,#C4B29C,#DBDCD3
Taylor Swift Karaoke： reputation,Betta_Fish,#8A9696,#FCFCFC,#D5D5D5,#F6F7F6
Tennis Court,Betta_Fish,#1F2924,#3D5973,#2E5342,#105692
"Thank you, FRIENDS!!",kengwang,#4F89C9,#C3DDEE,#F8F8F8,#EDFFFF
Thanks You,Betta_Fish,#E3E7EA,#E7E8EC,#D0D4B9,#9BB09D
The 1st Album XOXO (KISS&HUG),raspberry_kan,#FEFEFC,#EB443B,#EE5550,#D9D9C9
The Asterisk War,Betta_Fish,#060000,#2B292D,#060000,#1C1616
The Best Buono!,Betta_Fish,#000000,#262525,#727272,#787677
The Best of Detective Conan (The Movie Themes Collection),Betta_Fish,#644E65,#1C2729,#9A3C22,#272F32
The Greatest Showman (Original Motion Picture Soundtrack),Betta_Fish,#0F152D,#24395E,#395887,#020A2F
The Moon,Betta_Fish,#13122B,#323557,#171635,#626A81
The More Lover Chapter,Betta_Fish,#CCCEDD,#DED8E2,#EED9EA,#ECBEC0
The Paradox（那刻夏原创同人曲）,Betta_Fish,#01473F,#192E2F,#01473F,#183030
"Tick-Tack, Tick-Tack",Betta_Fish,#2C394A,#2B2C3E,#323852,#98837A
Time Machine,raspberry_kan,#80AEA3,#F2F2EA,#E4D779,#94D2AD
Tracel,Betta_Fish,#161615,#442522,#502721,#84152F
Transmissions (Deluxe Version),Betta_Fish,#0B0B1B,#273C7B,#415B75,#4590A7
Traveler,Betta_Fish,#115150,#3D6C6C,#166B72,#9CAA9D
True Colors (Perfect Edition),Betta_Fish,#270A0E,#21033F,#2E158D,#260E62
UN-APEX,Betta_Fish,#C618A9,#810D60,#325D66,#2A2367
UNDER THE TREE,Betta_Fish,#FFFFFF,#FC7C7C,#D8C4B4,#FEFDFD
Unfragment Remixes feat Miku Hatsune,Betta_Fish,#72C3BD,#AAE9A3,#B3D5DF,#FCFBFB
VOCALO LOVERS feat.初音ミク,Betta_Fish,#E0DCD0,#6985A9,#BE9D88,#E1E3DE
VOCALOID BEST from ニコニコ动画 (あか),Betta_Fish,#4CB3B2,#24828A,#3196A2,#157E82
VOCALOID Fukase ~THE GREATEST HITS~,Betta_Fish,#F5C5C5,#F5C5C5,#FF5864,#F4C6C5
Violet Evergarden： Automemories,raspberry_kan,#EDEAE3,#D9A573,#985C52,#FFD899
W9 Hits 2013,Betta_Fish,#221C58,#F8923D,#E42C76,#422F8B
WHITE ALBUM2 VOCAL COLLECTION,Betta_Fish,#45564C,#586867,#4F4F59,#0E1720
We Won't Be Alone,Betta_Fish,#190517,#532A4C,#110420,#6C1D2B
Welcome to 僕らのセカイ ／ Go!! リスタート【第1話盤】,Betta_Fish,#AAC6FF,#FDA3C7,#C7D8F6,#FCFBF9
What Makes You Beautiful,Betta_Fish,#5B2920,#7C2D25,#693B21,#A54336
Who？,Betta_Fish,#F2F7E3,#F4DFE6,#AEAEAE,#EEFFF0
Wish／Starless Night,Betta_Fish,#08151A,#11382B,#013C2A,#036937
XV,Betta_Fish,#0D0D0D,#3B0E6B,#0D0E61,#105CA4
YOUTHFUL,Betta_Fish,#3F4430,#2E2E26,#221F1A,#6B7C50
YURUYURI♪2nd.Series BEST ALBUM 「ゆるゆりずむ♪2」,Betta_Fish,#E9929C,#F0A4A8,#F7DECA,#FBF3F2
Yesstory,Betta_Fish,#702E26,#9C7200,#AA8A08,#DFAA04
You,Betta_Fish,#479DCC,#72ADC1,#D5DCC9,#FEFEFD
You 1ove 1t,kengwang,#220301,#8D120B,#600606,#A5160E
Young Sinatra,kengwang,#E4E4E4,#E6E6E6,#D1D1D1,#DDDDDD
Yume,Betta_Fish,#8096A4,#A2B4C4,#CED0DA,#F4F6FF
ZERO to ONE,Betta_Fish,#B4B4B4,#E68A8E,#C9C4C4,#E3E0DF
abgm (feat. 鏡音リン),Betta_Fish,#EAEBED,#F5F4F0,#DFCB96,#ECEDED
ark,Betta_Fish,#2F252D,#BD4709,#7D3565,#DB4F02
asphyxia,Betta_Fish,#02021E,#0A486F,#0A3E65,#19699A
brave heart -tri.Version-,Betta_Fish,#66160F,#620F0B,#00425A,#080A09
database,kengwang,#050702,#0E100F,#64191B,#0C0E0B
ebb and flow,Betta_Fish,#0A243F,#175B7E,#1A82B1,#184765
final phase,Betta_Fish,#050A0E,#0E1319,#274351,#214A60
folklore： the long pond studio sessions (from the Disney+ special) (deluxe edition),kengwang,#4B4B4B,#050505,#353535,#0C0C0C
give it back,Betta_Fish,#E7D1BA,#E0EADF,#9CB49C,#CCD7C7
humble music,Betta_Fish,#41386D,#D350A0,#D43329,#343381
i Love,Betta_Fish,#426AA7,#499B2F,#2A3F38,#262D37
juice,Betta_Fish,#B0D182,#F8CACC,#ADCFEB,#F7EA59
memories,Betta_Fish,#ADCE65,#EDFBC6,#F4DD80,#E8EECA
merchen ticktack ／ マジカル☆スタイリング,Betta_Fish,#9F8FF3,#D878BA,#6BC3D1,#F3EADA
moment,Betta_Fish,#EEECDD,#F0EDDE,#CA9D6B,#E9E6D5
not ALONE not HITORI ／ ミラクル STAY TUNE！ ／ Shooting Voice!!【Liella!盤】,Betta_Fish,#434961,#1952B1,#B88044,#0C194D
oath sign,Betta_Fish,#DDDDDD,#928EA9,#DBD2D7,#FBFBFC
poco A poco,Betta_Fish,#5E5361,#C09DA9,#DED4E0,#F1F0F4
request,Betta_Fish,#035F8B,#05A0BC,#018DB1,#082E5B
reunion,Betta_Fish,#F7E2D1,#8CCCE3,#FBEEDE,#F4C3D8
secret base ~君がくれたもの~ - EP,Betta_Fish,#F2E16D,#EAAC45,#ECBF58,#EDECE0
spiral,Betta_Fish,#82B155,#7FAA4F,#EABA35,#739F46
starlog,Betta_Fish,#15244D,#312675,#1D1733,#56336D
who are you,Betta_Fish,#B56A29,#7A361D,#600100,#7F7E48
youthful beautiful,Betta_Fish,#CBD0D6,#C1C4A9,#D8DEDE,#E4E3DD
μ's Best Album Best Live! Collection Ⅱ,Betta_Fish,#4D4080,#D23669,#AE89A3,#1B2584
๏ เ เ ค เ ๏ ๏ ๏ ๏ ๏ เ ค เ,Betta_Fish,#178890,#15392F,#1E675E,#14413E
≒,Betta_Fish,#4CA9CB,#398FAA,#3D628F,#C9CA2E
☆★Best the LM.C★☆2006-2011SINGLES,Betta_Fish,#FEFEFE,#D7D1FF,#D6ECF9,#FFFDCF
♡桃色片想い♡,Betta_Fish,#F37AA7,#F078A5,#FFABB4,#F2B1C8
《初音速》游戏原声音乐,Betta_Fish,#1C2734,#16202C,#19232F,#16545F
「かつて魔法少女と悪は敵対していた。」Music Collection,Betta_Fish,#F3E7DB,#C7BAC4,#B598B6,#F1E2DB
「会長はメイド様！」オリジナル・サウンドトラック,kengwang,#FFFCFF,#FFFFFF,#FFBD95,#F8F6F3
「傷物語」劇伴音楽集 其ノ貳 熱血篇,raspberry_kan,#123D50,#86ADC1,#0D4874,#164A62
「劇場版デート・ア・ライブ 万由里ジャッジメント」ORIGINAL SOUNDTRACK,Betta_Fish,#EEEBA6,#EEEEBA,#D7E29E,#FDFBEC
「名探偵コナン」メインテーマ,Betta_Fish,#462D1F,#C34924,#BB926B,#EADBB7
「機動戦士ガンダムSEED」エンディングテーマ　あんなに一緒だったのに,Betta_Fish,#FFFFFF,#C2C4C3,#9DACC1,#FF99AD
「負けヒロインが多すぎる！」マケイン応援！カバーソングコレクション,Betta_Fish,#3CB6FF,#53B5EB,#FFEB00,#F6F7F3
「進撃の巨人」オリジナルサウンドトラック,Betta_Fish,#91B2D3,#3B6C8A,#517AB5,#AAD2F2
「飞彩镌流年」游戏原声EP专辑,raspberry_kan,#912F2C,#752F4B,#CB6F86,#683019
『ウマ娘 プリティーダービー』WINNING LIVE 08,Betta_Fish,#563DE3,#108AED,#353CE4,#1FBAF0
『ペルソナ5』オリジナル・サウンドトラック,Betta_Fish,#050202,#F30505,#000000,#000000
『劇場版 響け！ユーフォニアム～届けたいメロディ～』オリジナルサウンドトラック「The only melody」,Betta_Fish,#824C5C,#2882B9,#85C5E5,#E0EEF6
『名探偵プリキュア！』主題歌シングル先行配信,Betta_Fish,#FFFFFF,#FFB9DD,#BAE4FA,#F7ED69
『小鳥遊六花・改~劇場版 中二病でも恋がしたい! ~』主題歌集 ~中二病奥義・三曲の極み~,raspberry_kan,#FCFFF8,#8D67E7,#E86069,#E37AAB
【2023拜年纪】原神同人单曲 - 童年烟火,Betta_Fish,#3E2627,#9A6856,#9F6863,#473D3E
【原神新春会】归途,raspberry_kan,#E2ACCC,#F5EBF3,#9B7EC5,#F9CFF7
【星火行动】朝汐（泠鸢&双笙）,raspberry_kan,#062F46,#2A7592,#48B1C9,#D5E0E3
【正太版】小孩小孩,Betta_Fish,#C3B87A,#FFF6CF,#FFF6CF,#F9F0D8
あいしていたのに,Betta_Fish,#060606,#565657,#525252,#777777
あなたに出会わなければ〜夏雪冬花〜／星屑ビーナス,Betta_Fish,#111424,#2B415E,#5778A2,#A8C4E1
ありふれてたい,Betta_Fish,#8D637B,#B06260,#844F61,#420A09
ある日…永遠みたいに！,Betta_Fish,#373E58,#8F636E,#CE9093,#B2808C
いらないもの,Betta_Fish,#FEEF30,#FFDB48,#FDF12B,#F37775
うぃーきゃん☆フレフレっ！,Betta_Fish,#92E7C0,#A1E6F6,#5A82FC,#E6E2E0
うまるん体操 (TV size),Betta_Fish,#583346,#8B96B1,#E3C093,#EBEDEF
えがおのオーケストラっ！,Betta_Fish,#A7D7FF,#DDD6FF,#F9D94F,#EE7676
おきみやげをあげる,Betta_Fish,#8D2210,#922307,#C16615,#BE551C
おとなの掟,Betta_Fish,#EAEFF2,#ABB1B8,#C8CFD5,#EAEEF1
お手上げサイキクス,Betta_Fish,#C71113,#8A0D0E,#580A0B,#450809
きゅうくらりん (Cover),Betta_Fish,#FFAAD4,#FDF4F9,#FFF36D,#FFF36D
きゅ～まい＊flower,Betta_Fish,#FCDAEB,#FBF3B5,#E0D6F1,#C5FBD9
きゅ～まい＊flower (パラレルver.),Betta_Fish,#D4DEFF,#D5DEFF,#E7D0FF,#FFFFFF
けいおん!はいれぞ!「Come with Me!!」セット,Betta_Fish,#DEC6A4,#B9BEB7,#DCDED9,#DDDFDA
この世界で,Betta_Fish,#ACBAC5,#C1CAC9,#92A7B8,#B6C1C7
さよならの今日に,Betta_Fish,#1A2D25,#50615E,#9D9D9B,#293833
しあわせなおとな,Betta_Fish,#A40519,#08469D,#671C7B,#1B1311
しう,Betta_Fish,#040404,#000000,#353535,#161616
すくりぃむ！,Betta_Fish,#821813,#F32B26,#F2A432,#F72318
すずめ feat.十明,kengwang,#50B0EC,#39A4D8,#EFF0E8,#F1E1A6
そして最後のページには,raspberry_kan,#E9E9F5,#EF7CBF,#E99811,#E35666
そして白に還る,Betta_Fish,#B9BDC0,#A6AFB4,#77767B,#C5CAD0
それを愛と呼ぶだけ,Betta_Fish,#CC7D9A,#E3C3D2,#F5BABE,#F3F6ED
ただ、君のままで,Betta_Fish,#171D1B,#366D67,#3F736F,#76AEA1
たぶん終わり,kengwang,#FF9899,#FF9899,#FFC3C3,#8DDFF4
とある魔術の楽曲目録,raspberry_kan,#F4F4F4,#EFD77F,#C8D5E6,#FBFAFA
ときめきルールブック,Betta_Fish,#FBE78E,#AEDCF4,#FFBFF1,#E4D4FF
どんなときもずっと,Betta_Fish,#FFFC93,#FFD759,#DF9C41,#FEE475
ぬらりひょんの孫オープニングテーマEP,Betta_Fish,#C7868A,#89C4C8,#FFFFFF,#FFFFFF
のんのん日和,Betta_Fish,#313E2A,#38412C,#9E5427,#3B3D28
はじまりの日,Betta_Fish,#272739,#6A6475,#6F678E,#27506E
ふたつの月 ~Deep Into The Forest~,Betta_Fish,#181616,#690317,#151618,#0E0E14
ふゆびより (TVアニメ「ゆるキャン△」EDテーマ),Betta_Fish,#2F5A7F,#224C72,#72A9BE,#346085
ぼなぺてぃーと♡S／デタラメなマイナスとプラスにおけるブレンド考,Betta_Fish,#FF8A9C,#F29984,#FFF4CC,#FFFFFF
ぽっぴん'どりーむ！,Betta_Fish,#5AC45D,#CBF1FE,#839CDD,#96B7FC
まいほろう,Betta_Fish,#756F6F,#52433E,#584B45,#7B747C
まばたき,Betta_Fish,#131417,#583728,#5F372D,#AD702F
まほろまてぃっく音楽编1,Betta_Fish,#698984,#79A46E,#1C174D,#6E9497
もしもからきっと,Betta_Fish,#3B3D77,#607ABF,#A6B0D5,#DAD8E8
ゆら・ゆらRing-Dong-Dance,raspberry_kan,#BED79D,#F6B7BF,#F8FFF8,#FEEDF7
ゆるゆり うた♪ソロ!06「イッツハッピーデイ!!」,kengwang,#FFFFFF,#E2DAE5,#E1BAC5,#F0E6DC
ゆるゆり うた♪ソロ!07「サクラコ☆いんとろでゅーす」,Betta_Fish,#AFDEF8,#14B7E7,#E6CEB4,#F6F7F7
ゆるゆり うた♪ソロ!08「恋はあまのじゃくですわ」,Betta_Fish,#FFFDF1,#FFDE90,#EBD6B9,#FDFDFC
ゆるゆり さん☆ハイ! 3,Betta_Fish,#62496F,#8E4161,#5C4A84,#F18A2E
ようこそジャパリパークへ,Betta_Fish,#FC606B,#D98264,#FEE6E2,#F5E8E6
らぶじゅてーむ,Betta_Fish,#3A3339,#ED9C9F,#7FBFD5,#F4CEC9
らんしゃましゃんしゃん♪,Betta_Fish,#EBB18B,#FBC28D,#EED8DA,#FAF4F0
わちゅごなどぅー,Betta_Fish,#936283,#76ACB7,#DBA673,#F4EBE1
アインシュタインが解けなかった問題,kengwang,#EEEBE4,#EEEBE4,#E6DCD3,#F6EADC
アクセンティア,Betta_Fish,#0052A4,#094A99,#5090BF,#01429C
アゲハ蝶,kengwang,#6CCAF0,#97D8F8,#97DAF7,#95DAFB
アニップス,Betta_Fish,#9ED3C1,#3DA4BD,#FBFBE3,#FEF5DB
アニマル,Betta_Fish,#8C2150,#702144,#5B1933,#C13688
アニメ「A.I.C.O. Incarnation」Original Soundtrack,Betta_Fish,#030302,#282D29,#415343,#000000
アニメ「プリンセスコネクト！Re：Dive Season 2」エンディングテーマ「旅立ちの季節」,Betta_Fish,#7C7EB9,#95ACC4,#F0C1A9,#FAF8F6
アニメ「ポケットモンスターXY&Z」キャラソンプロジェクト集vol.2 -総集編-,raspberry_kan,#4AA7E4,#E7BE2A,#FFFFFF,#CFDB3B
アニメ『約束のネバーランド』オリジナルサウンドトラック Vol.1,Betta_Fish,#88955D,#207A9F,#1B7E9E,#247D9F
イナイイナイリブート,Betta_Fish,#20192B,#4F0001,#630102,#B60104
イナイイナイリブート (BONUS TRACKS),Betta_Fish,#1F1629,#3E0103,#021327,#710000
ウェザーステーション,Betta_Fish,#7A7A7A,#B2B2B2,#B4B3B3,#F2EBEA
エンプティパペット,Betta_Fish,#1C264F,#50547E,#616E9A,#1B3266
カオスが極まる,Betta_Fish,#BBBBBB,#BABABA,#D3D2D2,#FEFEFF
カゲロウ,Betta_Fish,#131113,#871111,#D80116,#C30010
カドワナルカ＝ドロップゾンデ,Betta_Fish,#FFC887,#FCEE0F,#F4E735,#F4F25F
カラフル。,kengwang,#FFFFFF,#F8DDC8,#FFFFFF,#FFFFFD
カリスマックス,Betta_Fish,#A5FF01,#F3FEB2,#EAF010,#F0FF52
ガーネット,Betta_Fish,#193119,#A44235,#50785A,#9F4336
キミを れっつ・はぶ・ふぁん♪,Betta_Fish,#474190,#7856E8,#E8295A,#FE6D32
キミノタメボクノタメ,Betta_Fish,#FBF7F6,#F4D6E2,#ADDDE7,#FFFEF2
キョリ感 (Special Edition),Betta_Fish,#FFF7EC,#ECF896,#D0E6FE,#FFF6E7
ゲド戦記歌集,Betta_Fish,#CD890E,#46231D,#2C3D2B,#9F1815
コハク,Betta_Fish,#7A97D1,#F4DDE5,#E0CAF9,#F3E0FC
コンプリケイション デュラララ!!盘(期间生産限定盘),Betta_Fish,#D7E0D7,#768B8F,#DBC87D,#F4EDDE
サクラサクミライコイユメ ／ 未来へのMelody,Betta_Fish,#FCFCFC,#D2E7FA,#E1EFF8,#9FB4E9
シュガーソングとビターステップ,Betta_Fish,#5392B8,#0A7FC7,#CFBCAB,#D5C2B1
ジオラマドラマ,Betta_Fish,#E0D7D2,#DFD8D2,#FFF7E6,#F6ECDD
ジョジョ~その血の運命~,Betta_Fish,#221618,#7E0A4E,#291C3A,#1F0E32
スクールランブル：塚本八雲,Betta_Fish,#FFE3DC,#D14838,#FFD9B2,#FDFCFA
スター,Betta_Fish,#575A9A,#90A6CC,#C1A28D,#E9E7E8
スレイヤーズ MEGUMIXXX,Betta_Fish,#FFFFFF,#F8EF4C,#FAF195,#F7F3EE
ゾンビ,Betta_Fish,#152F4A,#A83356,#0B3251,#123B5B
タカラバコ,Betta_Fish,#AE9A8F,#B09C91,#AD988D,#E9D7C8
ダイダイダイダイダイキライ,Betta_Fish,#58001B,#50041E,#101857,#690B6B
ダーリンゲームオーバーラブ,Betta_Fish,#28050D,#780D27,#8B0329,#883E61
ダーリン・イン・ザ・フランキス エンディング集 vol.1,Betta_Fish,#2D4454,#4E758F,#315E75,#2C5E83
ツギハギスタッカート,Betta_Fish,#FFFFFF,#F0D6B9,#F5CEE9,#FFFFFF
トリセツ,kengwang,#CFE3C1,#59B793,#FBDDB7,#F7D8D4
トリドリ＊パレット,Betta_Fish,#8ED9B2,#97D9C1,#CEF2D8,#F2F2EF
トンデモ未来空奏図,kengwang,#FFEA01,#FCD305,#FEEA00,#FCEC43
ドライフラワー,Betta_Fish,#EDA66A,#E6E7E9,#DEE0DD,#E7E6E3
ドラゴンボール 音楽集,Betta_Fish,#E03372,#C94041,#C13332,#C0A06C
ドラマチック,Betta_Fish,#BFBFBF,#FFFFFF,#FFFFFF,#FCFCFC
ドレス（bloody trinity mix）,Betta_Fish,#08090E,#2A2654,#1074B9,#212759
ネガティブ進化論,Betta_Fish,#1F1920,#2F2651,#5EACD6,#3477D0
ハミング,Betta_Fish,#CBB6B1,#66808F,#CAADA2,#EAE5E2
ハルノヒ,Betta_Fish,#828E8E,#6C7F80,#1D5B72,#272D23
バカ通信,Betta_Fish,#6E6E6E,#C3C3C3,#C1C1C1,#DBDBDB
パズル,Betta_Fish,#1B4965,#E31074,#0287D4,#067DC1
ヒアソビ,Betta_Fish,#8D0859,#9C1660,#3B2C33,#DC3674
"ビタミンSUMMER！ ／ Chance Day, Chance Way！【第6話盤】",Betta_Fish,#E8CFE4,#DCADCD,#C6BDD2,#8597D9
"ビタミンSUMMER！ ／ Chance Day, Chance Way！【第8話盤】",kengwang,#F8D00E,#F4DA79,#EFC42E,#FFEA34
ビッグマウス,Betta_Fish,#211A44,#6A467B,#6A4477,#152036
ファイトソング,Betta_Fish,#000600,#800220,#0D233B,#256218
ファティマ (TVアニメ「シュタインズ･ゲート ゼロ」OPテーマ),Betta_Fish,#171C1C,#3E4240,#1A2225,#797456
ファーストワルツ,Betta_Fish,#0B071A,#0886AE,#581D4B,#121936
フローリア,Betta_Fish,#CB1B26,#039998,#688743,#369FA5
ブラックホールディスク,Betta_Fish,#48464A,#7D787E,#4B4A50,#464445
プロローグ -Star Divine-,kengwang,#9A2D33,#CA8969,#D3AA7C,#D19175
ヘイトフル,Betta_Fish,#0C0101,#000000,#2F0000,#6D0000
ベテルギウス,Betta_Fish,#111221,#0F0F19,#121423,#171624
ホワイトノイズ,Betta_Fish,#39363E,#770E0E,#121212,#373735
ボーキサイトが底をついた件,Betta_Fish,#F6F8F3,#8A7385,#DDFFDD,#FFFCF9
マタアイマショウ,Betta_Fish,#888983,#A0A19B,#8FA6A0,#EBEEEA
ミカヅキ,Betta_Fish,#291B37,#2E457D,#161F40,#731226
ミセナイナミダハ、きっといつか,Betta_Fish,#D7F0F7,#589DD6,#9EC9E0,#E4F3F8
ミゼラブル,Betta_Fish,#091414,#0D3E4F,#167095,#8B7800
ミックスナッツ,Betta_Fish,#480000,#3D3C04,#500000,#350400
メグメル／だんご大家族,Betta_Fish,#DFE8F7,#FAEAF4,#C3D0E3,#EBE3F0
メジャー Perfect Song Collection,Betta_Fish,#003330,#5C532C,#2F3D48,#07635E
メニメリ・メモリーズ！,Betta_Fish,#364D60,#608DBB,#22535A,#57A6E1
モノノケ・イン・ザ・フィクション,Betta_Fish,#164F55,#287580,#699BA9,#5F92A3
ライジングレインボウ,Betta_Fish,#45301E,#3A240F,#88632F,#554023
ラピスのお人形,Betta_Fish,#262832,#737C79,#172031,#5D564E
リエラのうた,Betta_Fish,#7A318B,#B03E95,#FBBCD1,#9F358F
リセット,Betta_Fish,#A2A9A2,#E4E8E9,#E4EAEA,#92988C
リテラチュア,Betta_Fish,#96B0BD,#8CB6CC,#A8C8D3,#FEFEFE
リバイブ,Betta_Fish,#7C7763,#4F5A4A,#92866C,#616652
レミングス,Betta_Fish,#162232,#28417F,#0F1B31,#22397D
ロウワ―,raspberry_kan,#0E3C74,#E0AB39,#F2838C,#8D8CB2
ロゼッタ,Betta_Fish,#030402,#25320E,#3A4F19,#435B11
ワンダーステラ,Betta_Fish,#2C2C5A,#203A6B,#23326D,#6067B5
ワンダーランズ×ショウタイム SEKAI ALBUM vol.3,Betta_Fish,#48416E,#9A5D69,#363376,#424676
一心不乱,kengwang,#FF0107,#FF0107,#000000,#FD0005
一梦千宵,Betta_Fish,#442B2E,#8C6659,#483E47,#353340
一滴の影響 (Extra Edition),Betta_Fish,#BAD3F1,#029FE6,#93B9E6,#8CBFEE
七色シンフォニー,Betta_Fish,#69C7E9,#29A9CF,#8BCDE1,#E5F2FA
上海ハニー,Betta_Fish,#EA8010,#E53783,#EC8A19,#E87E10
不对等天体（洛希极限）,raspberry_kan,#203F37,#717D6F,#444B9A,#739D6D
两 难,Betta_Fish,#221E1A,#49443C,#727769,#B7A484
中华一番! スペシャルTVオンエアーミックス& ― オリジナル・サウンドトラック,Betta_Fish,#3D2B42,#B8322C,#392E58,#312936
中国京剧有声大考,Betta_Fish,#2D3528,#6C6948,#B2985E,#BEA56B
中国合唱极品（2）冼星海、聂耳作品-黄河大合唱,Betta_Fish,#27211E,#7E6257,#5C4922,#D39C49
中国说唱巅峰对决 第九期,raspberry_kan,#FCFAFF,#4C75A1,#33C096,#F7FFFF
乐透人生,Betta_Fish,#14140B,#3A1C05,#663F20,#811B04
乙女解剖 (Cover),Betta_Fish,#1A2A3D,#174060,#183F60,#1364DA
予測不可能Driving!,Betta_Fish,#67CBEF,#F5F9FA,#FEEAE1,#F3F7F8
二言目 & 「偽物語」劇伴音楽集 其ノ壹,Betta_Fish,#3BA171,#78D9A9,#C790B7,#FFFFFF
亲亲,Betta_Fish,#7B848B,#737574,#8D9391,#A4ADAC
人間開花,Betta_Fish,#2F1B18,#100806,#503F37,#261714
今年会更好,Betta_Fish,#DC803F,#C85F48,#C74223,#A7405E
他们根本不是Rapper,Betta_Fish,#0E080C,#551D20,#413C5A,#57262A
伊弉諾物質 ～ Neo-traditionalism of Japan.,Betta_Fish,#257037,#31283D,#8C7D90,#342661
会いたいよ。／君との明日,Betta_Fish,#E1D3C6,#D3B09A,#CDC9C8,#CFCBCA
何なんですか？,Betta_Fish,#CEB4A5,#BEA28C,#B9926B,#683824
余花にみとれて／D／N／A,Betta_Fish,#FBF5F9,#E4D7E9,#F49EA7,#F6EEF1
你那边现在几点？,Betta_Fish,#1B1607,#4F3E24,#F8F105,#3C311B
倒流时间,Betta_Fish,#0D2941,#0D3479,#554C25,#0E2C50
做自己的月亮,Betta_Fish,#19212C,#274044,#6E8384,#40555A
健将 PLUS MAX Nate 60 Pro 15G 24000万AI十四摄 阿姆斯特朗回旋性能加强 至尊荣耀青春 (破解版),Betta_Fish,#ECA999,#FFFFFF,#FF7471,#FCF4F2
像草一样,Betta_Fish,#CC0404,#860404,#460303,#040404
僕らのティーンポップ,Betta_Fish,#B9CF7D,#FCFDF8,#BED178,#F9FAF7
僕らの海でまた会おう,Betta_Fish,#F6E3C2,#20B3DC,#8DDEFB,#94CDC4
優しい彗星,Betta_Fish,#C0E9EF,#6CBFCF,#BDE8EC,#F9FBFA
全力☆Summer!,Betta_Fish,#019FE8,#05A6EE,#D5C25F,#EADD86
六弦アストロジー,Betta_Fish,#DDC3CE,#E8CAD4,#E6A7C4,#F8F7F6
冬眠·2023,Betta_Fish,#E1C1D9,#B3B3B5,#D4D5D7,#E2E2E2
初音ミク 5thバースデー ベスト ~memories~,Betta_Fish,#FF84A3,#97CEEC,#FFDAE4,#FF8AAC
初音ミク-Project DIVA-extend Complete Collection,Betta_Fish,#058CCA,#9CE9EF,#62C4DB,#11B8BE
初音ミクの消失,Betta_Fish,#A6D6C0,#79C69C,#99CDB4,#96CFAE
别让我担心 (Acoustic Ver.),Betta_Fish,#DFED8C,#DEED8E,#BBECB5,#B1EDB9
創生,Betta_Fish,#552727,#501A1C,#4C1015,#301014
劇場版「AIR」サウンドトラック,Betta_Fish,#6C7CA1,#95A1C7,#87C5DF,#D9E6ED
劇場版「BanG Dream! Episode of Roselia」Theme Songs Collection,Betta_Fish,#9CCED7,#FFFFFF,#E6E4EF,#FCB8A5
劇場版『FAIRY TAIL-鳳凰の巫女-』オリジナル・サウンドトラック,Betta_Fish,#3E150F,#A64436,#902619,#322575
匆匆那年 电影原声带,Betta_Fish,#010101,#52575B,#151515,#010101
北京东路的日子,Betta_Fish,#000000,#000000,#1B1B1B,#3B3C3C
北京巷弄,Betta_Fish,#040302,#404036,#211C16,#45463E
十二新作,Betta_Fish,#1F2B39,#44505B,#4A5159,#3A4C62
十八番尽くしの歌宴に祝杯を!,kengwang,#0F1022,#3E282A,#050819,#B57D33
千千阙歌,Betta_Fish,#222A2D,#283636,#202C2C,#283D3E
千灯展卷,Betta_Fish,#433021,#995E36,#8F4D33,#A54219
升温天线,Betta_Fish,#24B9D7,#23BED8,#C1EBF7,#E9FBFD
午夜の待ち合わせ,Betta_Fish,#0B141B,#415964,#935E4C,#284A54
卯酉東海道 ～ Retrospective 53 minutes,Betta_Fish,#1B1009,#674528,#584826,#F1D600
即刻晚风,Betta_Fish,#1A335D,#2D5F9B,#63A5D7,#E9F3F8
原神-「未行之路 The Road Not Taken」游戏原声EP专辑,Betta_Fish,#4E7435,#C8AD03,#6E760B,#485D12
可愛いあの子が気にゐらない,Betta_Fish,#37706B,#537676,#8BA4A4,#DCD5D2
可愛くてごめん（TVアニメ「時々ボソッとロシア語でデレる隣のアーリャさん」エンディングテーマ）,Betta_Fish,#F0D4E0,#F74F7D,#75AECB,#E8DAE1
可能否,Betta_Fish,#ACACAC,#FBFBFB,#9C9C9C,#F5F5F5
同じ星が見たい,Betta_Fish,#7DEBFA,#4DCAFA,#42C6E8,#B4F3FA
君のままで,Betta_Fish,#37332C,#7C6741,#7A6923,#C9C154
君の名は。,Betta_Fish,#1F3142,#32516B,#371D74,#203B4E
君の知らない物語,Betta_Fish,#384959,#1B2A31,#6B7980,#2B3A43
君色シグナル,Betta_Fish,#C08039,#DC9953,#DFDBDA,#DD9D56
听见中国听见你,raspberry_kan,#8C2C20,#DBAA75,#D19D52,#892B1F
吹き消した灯火,Betta_Fish,#82C6F5,#CDC5B8,#8CC8F1,#FFFFFF
喜欢你,Betta_Fish,#303C4C,#3E5572,#475061,#303C4A
圣诞星 (feat. 杨瑞代),Betta_Fish,#110402,#5E2D0F,#C1772C,#3F0201
在雨后醒来,Betta_Fish,#2D6E94,#BCCCD9,#88B2C0,#578BA1
境界の彼方(アニメ盤),raspberry_kan,#3F2B60,#51273B,#282F75,#264178
声光回忆,Betta_Fish,#262919,#212517,#A37D3C,#31301E
壱雫空,kengwang,#5CC3D2,#A8D8E2,#508FB5,#53A6C8
夏に閉じこめて,Betta_Fish,#371F2A,#9A4F32,#69362D,#4B3442
夏至未至 影视原声带,Betta_Fish,#4C8237,#759F5F,#61964E,#7B9B5A
夕暮れの鳥／光の言葉,kengwang,#FFFFFF,#FFF000,#E8DF49,#E9E9E9
夜は眠れるかい？ 通常盤,Betta_Fish,#090504,#291F1B,#0A0404,#000000
夢なき夢を夢じゃない,Betta_Fish,#FFFFFF,#F1DCEB,#FAF0D7,#EFE3ED
夢ファンファーレ (Type RED),Betta_Fish,#4E1118,#A62C32,#4C110D,#760D1B
大东北我的家乡,Betta_Fish,#95AAC9,#FEFFFF,#CED4E7,#F0F2F6
大喜,Betta_Fish,#E9DAC3,#FE5677,#E1BCA7,#EECE93
大声唱,Betta_Fish,#39280E,#916731,#D5A32C,#A28703
大雄,Betta_Fish,#5D2441,#F30704,#8B2759,#6F3B47
大预言家,kengwang,#0A0C16,#030F29,#17111B,#04122F
大马 Music Man 纪念精选辑,Betta_Fish,#0A0E14,#2F3D4B,#77838E,#B9CFD7
天天天国地獄国 (feat. ななひら & P丸様。),Betta_Fish,#250D10,#43000A,#46000D,#00215D
天天天国地獄国 (feat. 初音ミク & 重音テト) [Cover],raspberry_kan,#FEF1E1,#CE314A,#4FE1D7,#FFC9B4
天気の子,Betta_Fish,#00B8E7,#009DE2,#D9E5C1,#A9DAF8
奏 (かなで),Betta_Fish,#F5E06B,#E7BD6B,#F1E17F,#CDAF89
奔赴星空,Betta_Fish,#040911,#0A1224,#313751,#090F1F
妄想税,Betta_Fish,#E8E1CF,#EFC974,#F2C765,#FADBAF
始まりは君の空 (私を叶える物語盤),Betta_Fish,#6B6EBF,#696EBA,#6F73BD,#798AD0
宇宙孤儿,Betta_Fish,#538FCD,#DE8D3C,#B2D845,#D23EB8
寂寞不痛,Betta_Fish,#301117,#703D3D,#BE8D79,#240B0E
"寄る辺のSunny, Sunny",Betta_Fish,#DFCFDC,#E1D5DF,#DBD7EE,#575E73
寄往未来的信,Betta_Fish,#B5AA94,#CFD0C2,#D1CFC2,#D6D4C5
寄生獣 セイの格率 オリジナル・サウンドトラック,Betta_Fish,#050836,#C5120C,#1B4AAF,#2275AB
小さな恋のうた（TVアニメ「時々ボソッとロシア語でデレる隣のアーリャさん」エンディングテーマ）,Betta_Fish,#F7DCE5,#FDE0E4,#EDE2E8,#0499C4
小喋日和,Betta_Fish,#F87E75,#3D6CB0,#1D4791,#1D4791
小贩,Betta_Fish,#412814,#3B2C23,#162334,#050505
小霞 2.0,Betta_Fish,#9F9F9F,#A9A9A9,#D2D2D2,#FFFFFF
尘,Betta_Fish,#DD5A2C,#DE5F36,#DB8C85,#D65929
山海问爱人,raspberry_kan,#28405A,#895852,#415E6E,#633525
崖の上のポニョ,Betta_Fish,#2A6955,#3D5B65,#5D7C79,#0C764E
崩坏星穹铁道-不虚此行 On the Journey,Betta_Fish,#72ACDE,#8AC5E5,#A2D4E7,#A1DAEE
幕を下ろそう、パレードへ,Betta_Fish,#3E0818,#7B097E,#7F0CA9,#040005
幻想曲抜萃 (東方萃夢想 ORIGINAL SOUND TRACK),Betta_Fish,#572457,#B7585E,#DB262D,#65148A
庆长生,Betta_Fish,#12306E,#DBC754,#7C7545,#4F5DA6
廿,Betta_Fish,#E2145E,#9D0126,#4F0016,#840D2F
弥渡山歌（说唱版）,kengwang,#42474A,#555E5D,#874B31,#565C5A
彼女がフラグをおられたら 第3卷 特典CD,Betta_Fish,#F6E2CA,#FDFEF0,#E0C3AB,#FDFCF9
往け,Betta_Fish,#FBFAE6,#F0F5DF,#9ED0EB,#F1F3E6
往欄印,Betta_Fish,#325F5A,#6F9786,#315345,#9FAF94
徒花ネクロマンシー,Betta_Fish,#4A1411,#8B7900,#52142B,#70112A
德语翻唱系列,Betta_Fish,#E5E5E5,#E1DDD1,#A7C8B7,#E4E4E2
心中的日月,Betta_Fish,#0F0E10,#332F30,#0E0E0E,#2F333C
心意已决,Betta_Fish,#151515,#191919,#3A3A3A,#0D0D0D
心臓を捧げよ! (TV Size),Betta_Fish,#010024,#380F14,#000026,#45080D
忘形,Betta_Fish,#13110C,#19252A,#3D271E,#503A2C
"快恠奇奇 ALI PROJECT Ventennale Music, Art Exhibition",Betta_Fish,#E1E9F6,#B0C6ED,#4F8AC6,#DADCDF
怪物,raspberry_kan,#B40100,#550F0F,#2E0000,#9F2827
恋のうた  feat. 由崎司,Betta_Fish,#4FA0D8,#4E9ED1,#55AADC,#449FD8
恋愛小説,Betta_Fish,#361C11,#6B3E25,#582F19,#64381F
恋爱告急,Betta_Fish,#12141D,#073F74,#033C71,#095893
悠哉日常~悠哉~悠哉,Betta_Fish,#2F675E,#699DAB,#164F60,#1E967B
想对你说,raspberry_kan,#E6E6E6,#C0CDDE,#9EBDD2,#ACBCC9
愚痴り合い～聞いてよ最近彼氏がさ、～,kengwang,#EEF1FA,#FD7B8D,#F1EFF4,#9FBFEE
愛されなくても君がいる,Betta_Fish,#F6A5E4,#77EEDB,#73E4D2,#F1EBED
愛と花,Betta_Fish,#F5BBCA,#C3BDDF,#94AFDC,#FDFCFD
愛言葉IV,Betta_Fish,#FBDCCA,#B5E6F7,#93D0FD,#7AA8E6
我们以后要结婚,Betta_Fish,#A4171F,#C11C28,#8D2331,#BD803F
我去2000年,Betta_Fish,#FBDF61,#F4E5C4,#C0832A,#F3DC6C
我只在乎你,Betta_Fish,#BB1F68,#B82067,#CD4D64,#D4A160
我妈爱Say No,kengwang,#A9B5C1,#F1099D,#2D6BA6,#8692A8
我是歌手 2015巅峰会,raspberry_kan,#E9E28A,#34BEAF,#E0EBE7,#DA91AB
我是歌手第二季 半决赛,Betta_Fish,#23161C,#1B1217,#3B3853,#5D323B
我爱你但是我要回家,Betta_Fish,#E8CE57,#D47B53,#E0BA4B,#D37454
戸松遥 BEST SELECTION -starlight-,kengwang,#B6C9E9,#CAD9EC,#C2CCE5,#E6ECF8
打火机,Betta_Fish,#80BEC9,#C2CACC,#E4DFCB,#DFDCC9
摩天动物园,Betta_Fish,#1A1B51,#23245C,#7F5D5C,#27285E
故装放下,Betta_Fish,#553633,#5B3C33,#533831,#64463E
敕勒歌,Betta_Fish,#3E5891,#345983,#4C6547,#103377
敢归云间宿,Betta_Fish,#593D25,#876C61,#5E7392,#252A3D
文学少女インセイン,kengwang,#6C2722,#923B2A,#A1302A,#582923
斗鱼 电视原声带,kengwang,#10120D,#521212,#181914,#10120D
新·神明对话日记,kengwang,#D4EAFF,#99D4E8,#FFFFFF,#98E5FF
新時代 (ウタ from ONE PIECE FILM RED),Betta_Fish,#D88BAF,#EACBA5,#F1E1CE,#F1E0CE
新说唱2025 第十二期,Betta_Fish,#32150F,#7E3725,#361712,#441711
旋律渐叙,Betta_Fish,#0E0C0C,#4E3A32,#A18171,#523C31
无名长诗,Betta_Fish,#080407,#773531,#C78584,#EFD3C3
无法告别的梦境,Betta_Fish,#5080E4,#6FA7F5,#A3C1F5,#E4F0F9
日本アニメーション創立25周年企画 アニメ主題歌大全集 ～オリジナル原盤による～,Betta_Fish,#F6FF9F,#E0E4E7,#FEFEFE,#FEFEFC
时光.漫步,Betta_Fish,#0F1013,#36363C,#333238,#0D1114
明日は君と。,Betta_Fish,#BDE0F6,#D9E9F6,#F2D0DE,#C3E0F2
明朝有意抱琴来,raspberry_kan,#FFF8EE,#B2AFDE,#FFFFFF,#C770B4
星が降るユメ,Betta_Fish,#010516,#061625,#002B88,#061781
星のうつわ,Betta_Fish,#F2F2F2,#969696,#BCBCBC,#EAEAEA
星の舟 ／ Gentle Jena,Betta_Fish,#7F5988,#7A5382,#2E61A3,#86608F
映画「たまこラブストーリー」オリジナル・サウンドトラック,Betta_Fish,#EBECB2,#CCD9AB,#EDEBBA,#EFE9DA
映画「犬夜叉 時代を越える想い」音楽篇,Betta_Fish,#2E3A76,#891A20,#07080D,#303464
春よ、来い,Betta_Fish,#050100,#1E201F,#424242,#313131
春を告げる,Betta_Fish,#090A29,#20164A,#2D3269,#6B5697
春夏秋冬 TOUR LIVE,Betta_Fish,#F7EEF1,#C3E4ED,#F6BFB8,#F8EFF2
春日影,Betta_Fish,#FBFCF6,#D7DBCA,#E0E1CC,#F6F6EF
是你,Betta_Fish,#1D2D10,#3E4B2A,#44552B,#667A9B
是妈妈是女儿,Betta_Fish,#B38786,#B89290,#CFBAB8,#FBF5F1
昼梦盛宴,Betta_Fish,#110715,#18092A,#4F1C3D,#421639
最強ガール,raspberry_kan,#FCC1F1,#76C4DA,#A694F8,#FFDE68
最新热歌慢摇110,raspberry_kan,#F4DDB1,#C6A266,#91764B,#EED2A2
最新热歌慢摇112,Betta_Fish,#333229,#746441,#2B2D28,#9F7F46
最新热歌慢摇95,Betta_Fish,#60553D,#EBC98A,#C0A371,#F0D8AE
最高到達点,Betta_Fish,#2C6576,#505D4C,#71A298,#444E45
有夜無夜 -VOCALOID ver.-,kengwang,#1B1C25,#625866,#CDA1B0,#0AF7B5
有象偶像,Betta_Fish,#04419A,#D35982,#47798C,#DA062E
朝焼けのスターマイン,Betta_Fish,#164384,#102671,#18276C,#113070
朝露は木漏れ日に溶けて,Betta_Fish,#BF7F41,#527F92,#638E9C,#3B687F
未来日记 第2巻 Blu-ray限定版特典“サウンドトラックCD”,Betta_Fish,#1A0B08,#351A18,#5C2921,#1A0B08
未知专辑,Betta_Fish,#464646,#5B2A2A,#464646,#464646
東方外來韋編,Betta_Fish,#C32C1B,#85271F,#C19B4B,#FFBE58
東方天空璋 〜 Hidden Star in Four Seasons. サウンドトラック,Betta_Fish,#BDBAD9,#EDDDC3,#CABBC6,#EAE4D6
東方幻想的音楽　～ Music,Betta_Fish,#110C01,#413003,#90720A,#EBE5D8
枫叶城,raspberry_kan,#CAE0EE,#DE712E,#F3F3F3,#D46F49
栞,Betta_Fish,#6D7890,#B2A0CA,#5E7BA3,#5071A4
桜流し,Betta_Fish,#DADEEA,#B0BEC7,#91A0A3,#F5F4F9
極夜において月は語らず,Betta_Fish,#020408,#1D333F,#368BB4,#132225
模特,Betta_Fish,#1A1A1A,#292929,#3F3F3F,#727272
檸檬,Betta_Fish,#111010,#1E185D,#0D3388,#2D549F
歌物語-〈物語〉シリーズ主題歌集-,Betta_Fish,#E15872,#73C5D1,#F6EF9F,#FBFAF2
止マレ！,raspberry_kan,#619AB7,#FBDFC7,#EDF0DD,#D6926F
正しい偽りからの起床,Betta_Fish,#021B48,#50423B,#001845,#011D4D
正解,raspberry_kan,#BD2631,#D46069,#F5A7AD,#FEFCFC
武侠音乐系列之后悔莫及,raspberry_kan,#DE5437,#EB9FAF,#FBEAF2,#F6E7E4
歩拾道,Betta_Fish,#354C56,#59767E,#3D5559,#2E404C
死ぬにはいい日だった,Betta_Fish,#070605,#3D3530,#383735,#181715
永不结束的歌,Betta_Fish,#281220,#804A76,#844481,#441B3D
永久损毁,Betta_Fish,#092334,#0E2135,#142B3D,#2A0D2B
池年2024年翻唱合辑,Betta_Fish,#111119,#48507A,#000000,#162451
決意の唄,Betta_Fish,#1F1E19,#51201B,#562423,#322E23
流年如歌2022,Betta_Fish,#36283F,#3C3DB1,#392A63,#362839
浪漫主義,Betta_Fish,#0A161A,#23313C,#4C6C78,#0D5170
混沌ブギ,Betta_Fish,#2C1E29,#630233,#553C61,#813B51
渡不了轮回,Betta_Fish,#13090A,#2D1814,#221912,#500607
渡月橋 ～君 想ふ～,Betta_Fish,#231715,#C61B25,#1E0F0C,#770014
港樂不息 Vol.4,Betta_Fish,#FFD699,#FFD58D,#FFC474,#FEFBE8
湘南乃風 〜一五一会〜,Betta_Fish,#598833,#598933,#598933,#2F4B1B
漂流,kengwang,#FDF5D1,#A8E8DA,#7FC4C9,#45678D
激動／Just break the limit!,Betta_Fish,#020100,#1E0709,#8F1E24,#691218
热爱105°C的你,raspberry_kan,#F4686A,#C5E4C2,#7DCCDB,#F2F2F2
無敵級＊ビリーバー,Betta_Fish,#102E53,#487CA9,#1B375E,#1668A0
熱情のスペクトラム／涙がきえるなら,raspberry_kan,#E8DE0D,#BDD720,#2AA380,#4BB99E
爆ぜて咲く,Betta_Fish,#D2DCE6,#D9DFC5,#F7F8FC,#CBDAE1
爆走兄弟レッツ&ゴー!!オリジナルサウンドトラック集,Betta_Fish,#161116,#2D639A,#17378C,#3B8BC6
现在是什么时辰了,Betta_Fish,#F6C234,#F47B37,#DBB951,#DEC962
珠玉,Betta_Fish,#05060A,#252C3A,#2D3743,#576373
町かどタンジェント／よいまちカンターレ,Betta_Fish,#E4B6C1,#C58682,#E6B8C5,#FEFEFE
盏茗,Betta_Fish,#010302,#194119,#1C7205,#173A22
盗墓笔记·十年人间,Betta_Fish,#050304,#373536,#21201E,#262425
盛装奔赴人间,Betta_Fish,#97938B,#B3B0A9,#D0CEC9,#F0F0ED
目及皆是你,Betta_Fish,#675A5E,#DB8B6A,#A2ADBB,#D3D6E0
眼镜的葬礼,Betta_Fish,#CABDAD,#F6F7F9,#F4F5F7,#EFF0F0
祈遇,Betta_Fish,#26225C,#3E46A6,#414FB8,#AE829D
神様はじめました／神様お願い,Betta_Fish,#141311,#211F20,#CE271F,#651C12
私じゃなかったんだね。,Betta_Fish,#607D81,#84A1A9,#DFE9EB,#CDD8DC
突破口 ／ 自慢になりたい,Betta_Fish,#ECE04C,#A28249,#E1544A,#F0D850
童话入侵计划,Betta_Fish,#9CAC4A,#8DA22D,#E0D849,#BEBF3D
竹枝词,Betta_Fish,#78BBB3,#B1E0D5,#D0EBE6,#ECF0ED
笠雪寒江,Betta_Fish,#FEFFFF,#A3ADE0,#DECCDC,#FDFBFC
第三个愿望,Betta_Fish,#74121A,#69121A,#330C18,#5C191D
第几个秋天,Betta_Fish,#3B4D6B,#54566D,#A96F6E,#364D6C
紅蓮の弓矢(TVサイズver.),Betta_Fish,#231816,#554324,#170F0E,#6B5D3E
素晴らしき日々 サウンドトラックCD,Betta_Fish,#9D433A,#3B2323,#2E1E1F,#2F1F20
絆ノ奇跡,Betta_Fish,#25221C,#0D585D,#08494B,#6B302B
絆／夏夕空,bluefire,#0B1514,#485C55,#91ADAE,#EFF0F1
結束バンド EXTRA MUSIC 3,Betta_Fish,#6E6E6E,#D7D7D7,#E5E5E5,#FFFFFF
绕梁经典金曲,Betta_Fish,#D0C7D8,#D0B9CD,#C9C5D6,#F6F2E9
给另一个世界的你,Betta_Fish,#4E3B3D,#9E6F59,#675251,#362827
绝区零-一颗方糖悬滞的时间,Betta_Fish,#65220F,#392907,#3E1E0F,#271E01
绝区零-覆灭重生 Come Alive,Betta_Fish,#0C1117,#3A3A3C,#8E939F,#0A0F15
绿色,Betta_Fish,#3F4146,#525661,#576F4D,#3E4C3D
美しい鰭,Betta_Fish,#3B4854,#5EAEB5,#459FA5,#A2D1CF
聖闘士星矢 SONG BEST,Betta_Fish,#8EE5F9,#2B5696,#063585,#3E778C
胡口桃生,Betta_Fish,#6F2B29,#F41B18,#7A5953,#D7C2B4
脏艺术家,Betta_Fish,#B7CDC1,#AFAFAF,#CFCFCF,#EEEBDC
臆病な白夜,Betta_Fish,#A0D1F1,#CDE7F4,#8CC8F1,#F0E9E4
致並跡,kengwang,#80BF6F,#F0EBD5,#92B3A8,#DED8B4
致你,Betta_Fish,#CED2D1,#85A6BA,#D1C6C2,#F8F8F8
花になって - Be a flower,Betta_Fish,#A7A6FF,#E8BDBA,#ECE4D7,#EDE5D8
花に亡霊,Betta_Fish,#3F70AB,#5A9FC9,#345C99,#224379
花のように,Betta_Fish,#73C5D0,#B4DCDB,#6AC0C9,#81CAD1
花園電気ギター！！！,raspberry_kan,#FEEDE5,#97D8DA,#2B7FDB,#F5F5F5
花开,Betta_Fish,#99A5BF,#E1E6EA,#F4F5F7,#ECEEF2
芽ぐみの雨,Betta_Fish,#FFFFFF,#7FB5DB,#C9DFD2,#7DB3D9
萤萤微光,kengwang,#142745,#1F4A75,#38485F,#576B67
蓬莱人形 ～ Dolls in Pseudo Paradise,raspberry_kan,#FC8E13,#DD5C00,#F8D615,#E64F08
虚仮の一念海馬に託す,raspberry_kan,#C8B799,#C788A5,#DBB6A4,#D6BAA6
裸の勇者,kengwang,#AE0004,#A30005,#860106,#CC0325
視界の隅 朽ちる音 (新川崎（仮）),Betta_Fish,#343031,#413D3A,#282826,#434341
誰にもなれない私だから,raspberry_kan,#3AC093,#E684C0,#DAAC31,#4CC1DA
謳歌爛漫,raspberry_kan,#F9E6FA,#DC85D6,#D5AD2A,#A55C94
诗,Betta_Fish,#F5EDE0,#DFCCAE,#DFD1B4,#F3ECDC
贫民百万歌星,Betta_Fish,#030303,#000000,#000000,#DE000F
起源,Betta_Fish,#82B2C6,#89B3C3,#5F90AE,#BBCAC5
超える,Betta_Fish,#102948,#3F4462,#1B3251,#45B5E7
超兽武装 动漫原声带,Betta_Fish,#56A8E0,#6EB0E0,#4984C6,#67A5D8
超能力患者AMAS音乐故事企划,raspberry_kan,#13089B,#752E6F,#4D2967,#A72319
跳楼机,Betta_Fish,#060F20,#112D73,#284E7F,#1A3881
輪符雨,Betta_Fish,#1C4969,#165B92,#4289AE,#5F8FA6
迎马,Betta_Fish,#0C0E1A,#294F38,#AB731C,#22244A
迷宮バタフライ,Betta_Fish,#1F2131,#1F595D,#234177,#1D2033
迷星叫 (パラレルver.),Betta_Fish,#55A6C1,#89C2D3,#A6CED8,#FAE2E0
迷跡波,Betta_Fish,#316274,#159CC7,#25536B,#3A757B
追憶,Betta_Fish,#3E3013,#544317,#9A892D,#564823
進撃の巨人OP,Betta_Fish,#202020,#252525,#1E1E1E,#262626
遠いこの街で,Betta_Fish,#479393,#E0B57C,#98D9C0,#F7F3DE
遠く、遠く、遠く。,Betta_Fish,#5D6268,#6B5D50,#3C3F46,#484C55
遥か,Betta_Fish,#89A4BC,#BEC1C6,#DBE6F1,#FCFDFE
遥かな日々,Betta_Fish,#5D80BD,#A6CFE3,#EDFFDB,#F6F4EE
邪神曲たち オリジナルサウンドトラック,Betta_Fish,#EADCD3,#1F6D6F,#EADCD3,#0492C0
酸的。,Betta_Fish,#C68E6F,#A98C73,#D5D1C5,#D8D5CE
金字塔,Betta_Fish,#3C3D3F,#696769,#5C5F64,#2A3139
金曜日のおはよう (Cover),Betta_Fish,#FEB6D4,#62E5B4,#C0F2DF,#F7F8F9
鋼の錬金術師 THE BEST,Betta_Fish,#F37F90,#FFFFFF,#FFFFFF,#FDFCFC
钱专,Betta_Fish,#050407,#020B1A,#193D57,#495A6E
银魂BEST,Betta_Fish,#AEAFAF,#F3FBFD,#DCDAE7,#C6C3D4
閃光,Betta_Fish,#25214D,#61449E,#694BA3,#6A877A
閃光だった (Rearranged Ver.),raspberry_kan,#F8FCFB,#7BBABA,#75F0EF,#E5F9F9
閉ざされた世界,Betta_Fish,#141313,#1D1919,#0E0F0D,#360E1B
闪烁,Betta_Fish,#8C96A2,#9FAAB7,#DBDADF,#FDFDFD
阳光开朗大男孩,Betta_Fish,#FFFFFF,#E7E7E7,#CECECE,#ADADAD
雨が降るから虹が出る (期間生産限定盤),Betta_Fish,#1E5F85,#2A84B8,#5DB8D5,#2A82B4
雨点,Betta_Fish,#FFD9D4,#CF99A6,#D29CA9,#CA98A3
霓虹轨迹,Betta_Fish,#251329,#913027,#322A5B,#15112C
青と夏,Betta_Fish,#0066AB,#0062AB,#EC6F81,#0060A5
青春症候群,Betta_Fish,#18162B,#A61F6C,#012D6A,#2A7A55
青空のラプソディ (アニメ盤),raspberry_kan,#ED929B,#EF7C89,#FBF9FC,#F9D090
音乐缘计划2 第6期,Betta_Fish,#4F7DCB,#4F7BC8,#FF9ADC,#D4E3F8
風が吹く街,Betta_Fish,#A3B2B5,#ADB5B0,#C8C8C8,#D4D5D5
風の谷のナウシカ,Betta_Fish,#778CB9,#7C91BE,#718BBC,#91A4CC
风之花（原神同人曲）,Betta_Fish,#ACD0D0,#92E5ED,#96E5EB,#F6F6F4
风来的夏天,Betta_Fish,#CBF0F8,#64BCE8,#95D572,#63BEEA
飞云之下,Betta_Fish,#335B7F,#4C779A,#87A5B2,#2E5274
魔杰座,Betta_Fish,#240D08,#573200,#3A1E11,#320F0F
鳥船遺跡 ～ Trojan Green Asteroid,Betta_Fish,#191B10,#243C18,#4A8650,#22391D
黎明を穿つ,Betta_Fish,#AEB6C0,#F7F8FA,#D8E0ED,#ECEFF2
黒い涙,Betta_Fish,#94918A,#C4C3BF,#957A4B,#CBCAC8
